{
  "mean": [
    287.1446500440571,
    0.25064894858422043,
    10.171560572503632,
    0.5337889865288593,
    45566.74271470871,
    19779.114667428734,
    0.00019845522453224102,
    0.022687401268525795,
    0.00011113492573805498,
    0.20440888126820828,
    0.0012224841831186047,
    0.3957355941352512,
    0.279250315543807,
    0.0013415573178379495,
    0.0011034110483992602,
    0.30219173949973405,
    0.012669381534138267,
    0.00041278686702706137,
    0.004096115834345455,
    0.0,
    7.938208981289641e-06,
    0.009422654060790804,
    84.1075547934875,
    27.737888277646796,
    0.28448453247403427,
    0.28248537388571415,
    0.11995848316632758,
    0.12118326945479554,
    0.6609276591971827,
    0.06305263820202074,
    0.0973216485982419,
    182.14894461511594,
    115.65300500900987,
    0.5212416946622265,
    0.08295110847508236,
    0.14837885898764627,
    0.0325424494110985,
    0.2844524620811903,
    0.2784845165385915,
    0.11883181315001622,
    0.12023989271687825
  ],
  "scale": [
    2604.504972253662,
    0.5652038875358077,
    13.878221081413239,
    0.849682107176709,
    5870307.856164302,
    4021253.2276372025,
    0.014086015762311815,
    0.25352897966301,
    0.014365969599780305,
    2.1499599002384606,
    0.04523895942210378,
    0.48900811206939193,
    23.941947214139137,
    0.03660269855899843,
    0.04515420459104234,
    24.399521244011492,
    0.483933148603374,
    0.022181040639302017,
    0.09936916134172874,
    1.0,
    0.0028174715555135264,
    0.09661194362624875,
    114.50815285665446,
    72.63555134742889,
    0.44645385236404395,
    0.4470207240867843,
    0.32043424888902405,
    0.3236459434331403,
    0.4396211176186383,
    0.18031369210468787,
    0.25982946731086887,
    99.20581927399076,
    110.70230138924722,
    0.4489475820405731,
    0.18892105024173284,
    0.30899590406604505,
    0.11256335783661907,
    0.44478228501069395,
    0.44566735500972743,
    0.3065562412933958,
    0.31945812262117146
  ]
}